content_id,observation_time,user,user_location,social_media,publish_date,geo_location,comment_raw_text,emoji,reference_post_url,like_count,reply_count,repost_count,quote_count,bookmark_count,content_type,language,text_clean,theme_cluster,neg,neu,pos,compound,sentiment_label
youtube_HEqMg7IAzM0_64,2025-05-24T20:51:59.631984Z,@andredeketeleastutecomplex,,YouTube,2025-05-24 20:51:59.631984+00:00,0,Great,[],https://www.youtube.com/watch?v=HEqMg7IAzM0,0,0,0,0,0,commento,en,great,5,0.0,0.0,1.0,0.6249,positive
youtube_dhYwX34wUDc_67,2025-05-24T20:52:14.684961Z,@thebirdhasbeencharged,,YouTube,2025-05-24 20:52:14.684961+00:00,0,Mandatory,[],https://www.youtube.com/watch?v=dhYwX34wUDc,1,0,0,0,0,commento,en,mandatori,5,0.0,0.0,1.0,0.0772,positive
youtube_aeCI0ObFY8M_29,2025-05-24T20:53:06.763180Z,@gavinchilunlam2476,,YouTube,2025-05-24 20:53:06.763180+00:00,0,Great ❤,[],https://www.youtube.com/watch?v=aeCI0ObFY8M,1,0,0,0,0,commento,en,great ❤,5,0.0,0.0,1.0,0.6249,positive
youtube_ajzQj7bjSWE_70,2025-05-25T20:23:41.406528Z,@HamzaEngineering,,YouTube,2025-05-25 20:23:41.406528+00:00,0,Mandatory,[],https://www.youtube.com/watch?v=ajzQj7bjSWE,0,0,0,0,0,commento,en,mandatori,5,0.0,0.0,1.0,0.0772,positive
mttn73t,2025-05-23T18:38:33.230787Z,Clear-Mycologist3378,,Reddit,2025-05-23 12:22:55+00:00,0,Launched!,[],https://www.reddit.com/r/formula1/comments/1kth0mn/2025_monaco_gp_free_practice_1_discussion/mttn73t/,1,0,0,0,0,commento,en,launch,5,0.0,0.0,1.0,0.2003,positive
mtztjun,2025-05-24T21:37:46.804504Z,laughter88_lol,,Reddit,2025-05-24 11:54:05+00:00,0,I agree,[],https://www.reddit.com/r/formula1/comments/1ku8g2j/2025_monaco_gp_free_practice_3_discussion/mtztjun/,1,0,0,0,0,commento,en,agre,5,0.0,0.0,1.0,0.3612,positive
mtzrc9j,2025-05-24T21:37:46.805954Z,NotJackBegley,,Reddit,2025-05-24 11:36:43+00:00,0,Easily.,[],https://www.reddit.com/r/formula1/comments/1ku8g2j/2025_monaco_gp_free_practice_3_discussion/mtzrc9j/,1,0,0,0,0,commento,en,easili,5,0.0,0.0,1.0,0.34,positive
mtvqe61,2025-05-24T21:39:20.016141Z,One_eyed_warrior,,Reddit,2025-05-23 18:35:21+00:00,0,please please please please please please please please please please,[],https://www.reddit.com/r/formula1/comments/1ktnd7y/ferrari_ending_friday_in_monaco_on_a_good_note/mtvqe61/,2,0,0,0,0,commento,en,pleas pleas pleas pleas pleas pleas pleas pleas pleas pleas,5,0.0,0.0,1.0,0.9584,positive
m4yl9wn,2025-05-24T21:39:28.300755Z,ConfidentialButt,,Reddit,2025-01-02 04:16:22+00:00,0,Thanks,[],https://www.reddit.com/r/formula1/comments/1hrhz6h/2025_schedule_poster/m4yl9wn/,13,0,0,0,0,commento,en,thank,5,0.0,0.0,1.0,0.4404,positive
mjarwis,2025-05-24T21:40:13.488822Z,Gatorama,,Reddit,2025-03-23 12:17:53+00:00,0,Please,[],https://www.reddit.com/r/formula1/comments/1jhx6gg/the_2025_chinese_gp_ended_with_multiple_drivers/mjarwis/,5,0,0,0,0,commento,en,pleas,5,0.0,0.0,1.0,0.3182,positive
